UNITID,INSTNM,STABBR,LONGITUD,LATITUDE
108232,Academy of Art University,CA,-122.400578,37.787943
108269,Academy of Chinese Culture and Health Sciences,CA,-122.269839,37.805972
108348,The Academy of Radio and TV Broadcasting,CA,-117.987762,33.729535
108649,Avalon School of Cosmetology-Alameda,CA,-122.243566,37.764203
108667,College of Alameda,CA,-122.279303,37.781017
108807,Allan Hancock College,CA,-120.421144,34.943716
108852,American Academy of Dramatic Arts-Los Angeles,CA,-118.343701,34.095378
108861,American Baptist Seminary of the West,CA,-122.256149,37.865252
108870,American Film Institute Conservatory,CA,-118.310018,34.10767
108977,American Beauty College,CA,-117.936959,34.069367
109040,American Career College-Los Angeles,CA,-118.292481,34.079323
109086,American Conservatory Theater,CA,-122.40475,37.787343
109208,American River College,CA,-121.349672,38.65085
109350,Antelope Valley College,CA,-118.186166,34.676207
109651,Art Center College of Design,CA,-118.185102,34.169031
109721,Associated Technical College-Los Angeles,CA,-118.272364,34.056102
109730,Associated Technical College-San Diego,CA,-117.157988,32.715375
109785,Azusa Pacific University,CA,-117.888375,34.130047
109819,Bakersfield College,CA,-118.973753,35.40911
109907,Barstow Community College,CA,-117.023412,34.870285
109934,Bellus Academy-Chula Vista,CA,-117.083738,32.614773
110060,Bethesda University,CA,-117.941323,33.842295
110097,Biola University,CA,-118.014374,33.906203
110194,Brownson Technical School,CA,-117.905774,33.819032
110246,Butte College,CA,-121.644831,39.649782
110316,California Institute of Integral Studies,CA,-122.416102,37.774924
110334,Cabrillo College,CA,-121.924797,36.989448
110361,California Baptist University,CA,-117.425619,33.929321
110370,California College of the Arts,CA,-122.399451,37.767485
110398,University of California-Hastings College of Law,CA,-122.4157,37.781137
110404,California Institute of Technology,CA,-118.125878,34.137349
110413,California Lutheran University,CA,-118.878924,34.224566
110422,California Polytechnic State University-San Luis Obispo,CA,-120.65731100000001,35.299513
110468,Alliant International University-San Diego,CA,-117.094398,32.897056
110486,California State University-Bakersfield,CA,-119.104711,35.350005
110495,California State University-Stanislaus,CA,-120.852511,37.52577
110501,California State University-Chancellors Office,CA,-118.201255,33.764338
110510,California State University-San Bernardino,CA,-117.323801,34.182622
110529,California State Polytechnic University-Pomona,CA,-117.821476,34.057912
110538,California State University-Chico,CA,-121.844859,39.729712
110547,California State University-Dominguez Hills,CA,-118.255917,33.864766
110556,California State University-Fresno,CA,-119.744569,36.811154
110565,California State University-Fullerton,CA,-117.885446,33.881506
110574,California State University-East Bay,CA,-122.054135,37.657694
110583,California State University-Long Beach,CA,-118.11204,33.782818
110592,California State University-Los Angeles,CA,-118.168965,34.066927
110608,California State University-Northridge,CA,-118.529319,34.240126
110617,California State University-Sacramento,CA,-121.423549,38.559415
110635,University of California-Berkeley,CA,-122.260463,37.871918
110644,University of California-Davis,CA,-121.749567,38.539667
110653,University of California-Irvine,CA,-117.841248,33.648434
110662,University of California-Los Angeles,CA,-118.443901,34.068892
110671,University of California-Riverside,CA,-117.32741,33.97246
110680,University of California-San Diego,CA,-117.235866,32.877749
110699,University of California-San Francisco,CA,-122.458489,37.763737
110705,University of California-Santa Barbara,CA,-119.846426,34.416297
110714,University of California-Santa Cruz,CA,-122.058801,36.995584
110778,Sofia University,CA,-122.10866,37.430325
110875,California Beauty School,CA,-120.99689,37.645217
110918,California Christian College,CA,-119.711123,36.749366
111045,California Graduate School of Theology,CA,-117.936119,33.774619
111054,California Hair Design Academy,CA,-117.024261,32.765221
111081,California Institute of the Arts,CA,-118.566837,34.39327
111188,California State University Maritime Academy,CA,-122.231551,38.069061
111391,California Western School of Law,CA,-117.162416,32.722192
111434,Canada College,CA,-122.265398,37.44877
111461,College of the Canyons,CA,-118.568698,34.403993
111513,Career Academy of Beauty,CA,-118.031697,33.781018
111638,Casa Loma College-Van Nuys,CA,-118.457781,34.192829
111708,CET-San Diego,CA,-117.105328,32.711302
111717,CET-San Jose,CA,-121.88698,37.322723
111726,CET-El Centro,CA,-115.549079,32.790908
111744,CET-Colton,CA,-117.353488,34.077381
111762,CET-Watsonville,CA,-121.767991,36.931833
111799,CET-Salinas,CA,-121.65236,36.707333
111887,Cerritos College,CA,-118.097337,33.886874
111896,Cerro Coso Community College,CA,-117.66767,35.567525
111920,Chabot College,CA,-122.105636,37.642458
111939,Chaffey College,CA,-117.573932,34.147663
111948,Chapman University,CA,-117.852518,33.79302
111966,Charles R Drew University of Medicine and Science,CA,-118.242791,33.925658
112075,Concordia University-Irvine,CA,-117.812305,33.653665
112084,San Diego Christian College,CA,-116.978112,32.842404
112093,Stockton Christian Life College,CA,-121.296258,38.029827
112127,Church Divinity School of the Pacific,CA,-122.261122,37.876184
112172,Citrus College,CA,-117.885266,34.135487
112181,Citrus Heights Beauty College,CA,-121.289529,38.712951
112190,City College of San Francisco,CA,-122.451155,37.725953
112251,Claremont Graduate University,CA,-117.713703,34.103585
112260,Claremont McKenna College,CA,-117.711188,34.102154
112288,Milan Institute-Visalia,CA,-119.312151,36.27164
112367,Clovis Adult Education,CA,-119.690369,36.834459
112376,Coast Community College District Office,CA,-117.916066,33.674004
112385,Coastline Community College,CA,-117.929143,33.715634
112394,Cogswell College,CA,-121.94087,37.414049
112455,Coba Academy,CA,-117.943108,33.841141
112525,Western University of Health Sciences,CA,-117.747732,34.058092
112561,Columbia College,CA,-120.388385,38.030367
112570,Columbia College Hollywood,CA,-118.538793,34.17972
112686,Compton College,CA,-118.209463,33.878226
112817,Contra Costa Community College District Office,CA,-122.135335,38.019072
112826,Contra Costa College,CA,-122.337377,37.969381
113096,Cosumnes River College,CA,-121.423108,38.45295
113111,Crafton Hills College,CA,-117.101173,34.039178
113193,Cuesta College,CA,-120.742235,35.331276
113218,Cuyamaca College,CA,-116.943507,32.744954
113236,Cypress College,CA,-118.025143,33.82833
113333,De Anza College,CA,-122.045558,37.320788
113449,International School of Beauty Inc,CA,-116.403928,33.729555
113537,Dell'Arte International School of Physical Theatre,CA,-123.988808,40.880924
113573,College of the Desert,CA,-116.388271,33.732108
113582,Design Institute of San Diego,CA,-117.167374,32.880926
113634,Diablo Valley College,CA,-122.073142,37.968516
113698,Dominican University of California,CA,-122.512051,37.981279
113704,Dominican School of Philosophy & Theology,CA,-122.264612,37.881099
113856,East Los Angeles College,CA,-118.148785,34.040531
113980,El Camino Community College District,CA,-118.329913,33.885229
114044,Elegance International,CA,-118.338111,34.098445
114114,Emperor's College of Traditional Oriental Medicine,CA,-118.485119,34.030438
114123,Empire College,CA,-122.729337,38.468052
114266,Evergreen Valley College,CA,-121.76561,37.30167
114354,FIDM-Fashion Institute of Design & Merchandising-Los Angeles,CA,-118.25993,34.044209
114390,FIDM-Fashion Institute of Design & Merchandising-San Francisco,CA,-122.406651,37.786353
114415,FIDM-Fashion Institute of Design & Merchandising-Orange County,CA,-117.852254,33.691963
114433,Feather River Community College District,CA,-120.973067,39.953101
114460,Federico Beauty Institute,CA,-121.497761,38.64883
114549,Fielding Graduate University,CA,-119.717161,34.42941
114585,Five Branches University,CA,-121.998245,36.964348
114637,Redondo Beach Beauty College,CA,-118.372137,33.873098
114716,Foothill College,CA,-122.127964,37.361655
114734,Franciscan School of Theology,CA,-117.320066,33.232416
114761,Fredrick and Charles Beauty College,CA,-124.164986,40.798885
114789,Fresno City College,CA,-119.796096,36.768164
114813,Fresno Pacific University,CA,-119.735199,36.726831
114831,Foothill-De Anza Community College District,CA,-122.12796,37.361664
114840,Fuller Theological Seminary,CA,-118.140261,34.14778
114859,Fullerton College,CA,-117.918255,33.875514
114938,Gavilan College,CA,-121.569842,36.972627
114947,Gemological Institute of America-Carlsbad,CA,-117.318765,33.131313
115001,Glendale Community College,CA,-118.227666,34.16745
115010,Glendale Career College,CA,-118.254719,34.149771
115083,Golden Gate University-San Francisco,CA,-122.398969,37.789374
115126,Golden West College,CA,-118.002568,33.732531
115214,Graduate Theological Union,CA,-122.261847,37.87554
115287,Grossmont-Cuyamaca Community College District,CA,-117.006277,32.815246
115296,Grossmont College,CA,-117.006277,32.815246
115357,Salon Success Academy-Riverside,CA,-117.391024,33.943149
115393,Hartnell College,CA,-121.666054,36.675091
115409,Harvey Mudd College,CA,-117.709837,34.106515
115658,Hilltop Beauty School,CA,-122.461467,37.705502
115728,Holy Names University,CA,-122.187804,37.802276
115746,Pacifica Graduate Institute,CA,-119.580414,34.420881
115755,Humboldt State University,CA,-124.078293,40.877481
115773,Humphreys University-Stockton and Modesto Campuses,CA,-121.316918,38.011489
115861,Imperial Valley College,CA,-115.503563,32.827209
115931,Institute for Business and Technology,CA,-121.969541,37.368642
116226,Interior Designers Institute,CA,-117.865722,33.641393
116350,Toni & Guy Hairdressing Academy-Santa Monica,CA,-118.494755,34.017276
116439,Irvine Valley College,CA,-117.777539,33.675381
116563,Bellus Academy-El Cajon,CA,-116.94627,32.794072
116712,John F. Kennedy University,CA,-122.054761,37.956616
116846,American Jewish University,CA,-118.471706,34.128153
117052,Reedley College,CA,-119.458555,36.605428
117104,Life Pacific University,CA,-117.829388,34.098705
117140,University of La Verne,CA,-117.773262,34.100855
117168,Laguna College of Art and Design,CA,-117.772564,33.561448
117195,Lake Tahoe Community College,CA,-119.972574,38.926797
117238,Lancaster Beauty School,CA,-118.147547,34.694914
117247,Laney College,CA,-122.26283,37.797257
117274,Lassen Community College,CA,-120.633271,40.432053
117520,Life Chiropractic College West,CA,-122.117619,37.638099
117548,Lincoln Law School of Sacramento,CA,-121.464021,38.57216
117557,Lincoln University,CA,-122.269745,37.804788
117575,Southern California Seminary,CA,-116.905461,32.799614
117627,La Sierra University,CA,-117.500054,33.910704
117636,Loma Linda University,CA,-117.260605,34.051241
117645,Long Beach City College,CA,-118.135633,33.833593
117672,Southern California University of Health Sciences,CA,-117.983401,33.922966
117681,Los Angeles Community College District Office,CA,-118.258047,34.048969
117690,Los Angeles Harbor College,CA,-118.28186,33.784201
117706,Los Angeles Pierce College,CA,-118.575071,34.183949
117715,Los Angeles Southwest College,CA,-118.304674,33.929586
117724,Los Angeles Trade Technical College,CA,-118.269447,34.031907
117733,Los Angeles Valley College,CA,-118.421734,34.175165
117751,The Master's University and Seminary,CA,-118.518193,34.381755
117788,Los Angeles City College,CA,-118.292169,34.087301
117803,Los Angeles County College of Nursing and Allied Health,CA,-118.211852,34.062647
117867,Los Angeles Mission College,CA,-118.4195,34.314668
117894,Los Medanos College,CA,-121.860967,38.006474
117900,Los Rios Community College District Office,CA,-121.417145,38.579859
117946,Loyola Marymount University,CA,-118.415744,33.97085
117955,Lu Ross Academy,CA,-119.293952,34.278034
118134,Lyle's College of Beauty,CA,-119.02387,35.386539
118143,Lyle's College of  Beauty,CA,-119.774167,36.836265
118161,Lytles Redwood Empire Beauty College Inc,CA,-122.75777,38.508385
118189,MTI Business College Inc,CA,-121.308445,38.007885
118198,MTI College,CA,-121.342568,38.661377
118347,College of Marin,CA,-122.549149,37.954897
118541,Marymount California University,CA,-118.333371,33.734887
118684,Mendocino College,CA,-123.228809,39.188989
118693,Menlo College,CA,-122.190797,37.453475
118718,Merced College,CA,-120.47646400000001,37.3353
118772,Merritt College,CA,-122.167335,37.789088
118888,Mills College,CA,-122.182294,37.781425
118912,MiraCosta College,CA,-117.302606,33.190483
118930,Mission College,CA,-121.980783,37.391935
118958,Modern Beauty Academy,CA,-119.181423,34.195384
118976,Modesto Junior College,CA,-121.009792,37.651056
118994,Moler Barber College,CA,-122.265352,37.827075
119058,Middlebury Institute of International Studies at Monterey,CA,-121.897325,36.599736
119067,Monterey Peninsula College,CA,-121.884931,36.590558
119137,Moorpark College,CA,-118.834528,34.301146
119164,Mt San Antonio College,CA,-117.846629,34.047764
119173,Mount Saint Mary's University,CA,-118.482879,34.085315
119216,Mt San Jacinto Community College District,CA,-116.971169,33.806748
119270,Musicians Institute,CA,-118.337582,34.101265
119331,Napa Valley College,CA,-122.274381,38.274081
119553,National Holistic Institute,CA,-122.287672,37.841898
119605,National University,CA,-117.243026,32.909894
119678,Naval Postgraduate School,CA,-121.874248,36.597159
119775,Newschool of Architecture and Design,CA,-117.153305,32.71331
119845,Newberry School of Beauty,CA,-118.499693,34.256683
119951,North Adrian's College of Beauty Inc,CA,-120.992753,37.677778000000004
120023,North Orange County Community College District,CA,-117.945559,33.849957
120069,North-West College-Pomona,CA,-117.751227,34.062043
120078,North-West College-West Covina,CA,-117.949583,34.072071
120087,North-West College-Van Nuys,CA,-118.450184,34.189497
120166,Northwestern Polytechnic University,CA,-121.925953,37.477991
120184,Notre Dame de Namur University,CA,-122.284794,37.517111
120254,Occidental College,CA,-118.210908,34.127124
120290,Ohlone College,CA,-121.916339,37.52773
120342,Orange Coast College,CA,-117.909086,33.66927
120403,Otis College of Art and Design,CA,-118.416615,33.956607
120421,Oxnard College,CA,-119.157604,34.166104
120537,Hope International University,CA,-117.88573,33.87616
120661,Concorde Career College-San Diego,CA,-117.102845,32.702814
120698,Palo Alto University,CA,-122.187437,37.382216
120768,Pacific Oaks College,CA,-118.151323,34.153382
120795,Pacific School of Religion,CA,-122.263155,37.87669
120838,Pacific States University,CA,-118.298408,34.061315
120865,Pacific Union College,CA,-122.440308,38.570585
120883,University of the Pacific,CA,-121.312301,37.981424
120953,Palo Verde College,CA,-114.651698,33.661538
120971,Palomar College,CA,-117.183978,33.149483
121044,Pasadena City College,CA,-118.118196,34.144552
121150,Pepperdine University,CA,-118.707077,34.037786
121178,Peralta Community College System Office,CA,-122.260837,37.792667
121257,Pitzer College,CA,-117.706675,34.104107
121275,Platt College-San Diego,CA,-117.063483,32.76373
121309,Point Loma Nazarene University,CA,-117.250265,32.718391
121345,Pomona College,CA,-117.714556,34.099027
121363,Porterville College,CA,-119.014368,36.049256
121433,Professional Institute of Beauty,CA,-118.039028,34.075561
121619,Santa Ana College,CA,-117.887558,33.759309
121628,Pardee RAND Graduate School,CA,-118.490655,34.00973
121637,Shasta School of Cosmetology,CA,-122.387248,40.597114
121691,University of Redlands,CA,-117.163218,34.064218
121707,College of the Redwoods,CA,-124.195293,40.698427
121859,Salon Success Academy-Upland,CA,-117.631783,34.108247
121868,Salon Success Academy-Corona,CA,-117.535638,33.847649
121886,Rio Hondo College,CA,-118.033506,34.019821
121901,Riverside City College,CA,-117.384323,33.970918
121992,Rosemead Beauty School,CA,-118.082793,34.080756
122117,Dongguk University-Los Angeles,CA,-118.289523,34.06597
122180,Sacramento City College,CA,-121.491139,38.541096
122205,Saddleback College,CA,-117.665584,33.553346
122296,Samuel Merritt University,CA,-122.266331,37.82029
122320,San Diego Community College District-District Office,CA,-117.120504,32.776275
122339,San Diego City College,CA,-117.152733,32.717403
122375,San Diego Mesa College,CA,-117.169165,32.803825
122384,San Diego Miramar College,CA,-117.120261,32.909757
122409,San Diego State University,CA,-117.071228,32.77525
122436,University of San Diego,CA,-117.192073,32.770816
122454,San Francisco Art Institute,CA,-122.417,37.803575
122506,San Francisco Conservatory of Music,CA,-122.420292,37.775543
122597,San Francisco State University,CA,-122.476799,37.721224
122603,San Francisco Theological Seminary,CA,-122.565407,37.969952
122612,University of San Francisco,CA,-122.450477,37.776618
122649,San Joaquin College of Law,CA,-119.697657,36.82448
122658,San Joaquin Delta College,CA,-121.318266,37.995129
122685,San Joaquin Valley College-Visalia,CA,-119.384981,36.328049
122728,William Jessup University,CA,-121.292312,38.819728
122737,San Jose-Evergreen Community College District,CA,-121.89118,37.334851
122746,San Jose City College,CA,-121.926185,37.315827
122755,San Jose State University,CA,-121.880621,37.336569
122782,San Mateo County Community College District Office,CA,-122.337627,37.531305
122791,College of San Mateo,CA,-122.334801,37.535698
122834,Santa Barbara Business College-Bakersfield,CA,-119.061264,35.359544
122852,Santa Barbara Business College-Santa Maria,CA,-120.433296,34.937806
122889,Santa Barbara City College,CA,-119.698045,34.406788
122931,Santa Clara University,CA,-121.93784,37.348362
122977,Santa Monica College,CA,-118.469765,34.017022
123013,Santa Rosa Junior College,CA,-122.718974,38.45709
123095,Saybrook University,CA,-118.152155,34.153103
123165,Scripps College,CA,-117.711294,34.104147
123217,College of the Sequoias,CA,-119.315182,36.323877
123280,Shasta Bible College and Graduate School,CA,-122.314419,40.566034
123299,Shasta College,CA,-122.317982,40.625731
123341,Sierra College,CA,-121.211688,38.790773
123350,Sierra College of Beauty,CA,-120.495874,37.306975
123448,Trinity Law School,CA,-117.852059,33.766071
123457,Simpson University,CA,-122.332981,40.61334
123484,College of the Siskiyous,CA,-122.38909,41.413005
123493,Charles A Jones Career and Education Center,CA,-121.440796,38.516233
123509,Skyline College,CA,-122.467335,37.63042
123527,San Bernardino Valley College,CA,-117.313248,34.086353
123554,Saint Mary's College of California,CA,-122.109031,37.840731
123563,Solano Community College,CA,-122.122368,38.235881
123572,Sonoma State University,CA,-122.677066,38.340274
123633,South Baylo University,CA,-117.958727,33.848216
123642,South Coast College,CA,-117.874031,33.78818
123651,Vanguard University of Southern California,CA,-117.900911,33.662686
123679,Concorde Career College-Garden Grove,CA,-117.938395,33.774741
123800,Southwestern College,CA,-116.996803,32.640281
123855,St John's Seminary,CA,-119.001867,34.243921
123916,Starr King School for the Ministry,CA,-122.261778,37.876939
123925,State Center Community College District,CA,-119.792324,36.735642
123943,Marshall B Ketchum University,CA,-117.886229,33.889348
123952,Southern California Institute of Architecture,CA,-118.232799,34.044215
123961,University of Southern California,CA,-118.284169,34.021281
123970,Southwestern Law School,CA,-118.288375,34.061558
124113,Taft College,CA,-119.459751,35.149343
124283,Claremont School of Theology,CA,-117.715256,34.107602
124292,Thomas Aquinas College,CA,-119.087141,34.429009
124487,Epic Bible College,CA,-121.362642,38.645152
124557,University of California-System Administration Central Office,CA,-122.27134,37.802222
124681,United Education Institute-Huntington Park Campus,CA,-118.226206,33.986057
124706,Concorde Career College-San Bernardino,CA,-117.283995,34.066823
124937,Concorde Career College-North Hollywood,CA,-118.403627,34.186407
125019,Ventura County Community College System Office,CA,-119.057951,34.219073
125028,Ventura College,CA,-119.230604,34.277392999999996
125037,The Santa Barbara and Ventura Colleges of Law at Ventura,CA,-119.232988,34.25747
125091,Victor Valley College,CA,-117.261456,34.472231
125170,Berkeley City College,CA,-122.269877,37.869769
125222,West Valley Mission Community College District Office,CA,-122.008324,37.26398
125310,Waynes College of Beauty,CA,-121.652672,36.700635
125462,West Hills College-Coalinga,CA,-120.356747,36.147891
125471,West Los Angeles College,CA,-118.386664,34.004512
125499,West Valley College,CA,-122.008324,37.26398
125532,Carrington College-Sacramento,CA,-121.371331,38.556151
125718,Westminster Theological Seminary in California,CA,-117.046371,33.121447
125727,Westmont College,CA,-119.662517,34.450151
125763,Whittier College,CA,-118.032299,33.978773
125897,Woodbury University,CA,-118.341147,34.208011
126012,The Wright Institute,CA,-122.253168,37.868221
126049,Thomas Jefferson School of Law,CA,-117.157862,32.717595
126076,Yeshiva Ohr Elchonon Chabad West Coast Talmudical Seminary,CA,-118.346613,34.085465
126100,Yosemite Community College District Office,CA,-121.040246,37.66107
126119,Yuba College,CA,-121.53964,39.126536
154022,Ashford University,CA,-117.141961,32.8273
243744,Stanford University,CA,-122.167359,37.429434
245838,Antioch University-Los Angeles,CA,-118.384458,33.988533
245847,Antioch University-Santa Barbara,CA,-119.6958,34.419203
246974,Carrington College-San Leandro,CA,-122.12567,37.699627
248846,FIDM-Fashion Institute of Design & Merchandising-San Diego,CA,-117.155894,32.708877
260789,Platt College-Los Angeles,CA,-118.150013,34.081723
262022,Bethel Seminary-San Diego,CA,-117.06605,32.765387
262086,Brandman University,CA,-117.769012,33.656401
262369,Adrian's College of Beauty Turlock,CA,-120.863784,37.491448
262402,California Career School,CA,-117.906219,33.819547
365125,Palomar Institute of Cosmetology,CA,-117.188351,33.13663
366289,InterCoast Colleges-Santa Ana,CA,-117.85367,33.70497
366401,Las Positas College,CA,-121.80058,37.710873
366711,California State University-San Marcos,CA,-117.159013,33.130569
367954,University of St. Augustine for Health Sciences,CA,-117.165964,33.151849
368771,Hypnosis Motivation Institute,CA,-118.538719,34.170219
368780,Los Angeles ORT College-Los Angeles Campus,CA,-118.369564,34.064181
368832,Thanh Le College School of Cosmetology,CA,-117.908306,33.789713
371690,Downey Adult School,CA,-118.115727,33.91965
371830,CRU Institute of Cosmetology and Barbering,CA,-118.030758,33.790145
371928,Modern Technology School,CA,-117.918837,33.723142
371964,National Career Education,CA,-121.273917,38.679835
372028,North-West College-Glendale,CA,-118.255462,34.148981
372073,Fremont College,CA,-118.097019,33.868382
372082,Pomona Unified School District Adult and Career Education,CA,-117.772606,34.054864
372240,Universal College of Beauty Inc-Los Angeles 2,CA,-118.332236,34.004498
377722,Bellus Academy-Poway,CA,-117.042531,32.957184
377759,Capstone College,CA,-118.149478,34.165741
378105,Central Coast College,CA,-121.655643,36.669595
378576,Pacific College of Oriental Medicine-San Diego,CA,-117.16073,32.778391
381255,CET-Coachella,CA,-116.185875,33.692248
381282,CET-Oxnard,CA,-119.18145,34.194208
381325,CET-Santa Maria,CA,-120.441978,34.943576
382258,Mt. Diablo Adult Education-Mt. Diablo USD,CA,-122.026805,37.968852
382267,Royale College of Beauty and Barbering,CA,-117.164541,33.515476
383084,Hacienda La Puente Adult Education,CA,-117.979559,34.044112
384236,United Education Institute-Ontario,CA,-117.547733,34.0694
384245,United Education Institute-Encino,CA,-118.50213,34.170205
384306,Acupuncture and Integrative Medicine College-Berkeley,CA,-122.267636,37.862754
393524,Alhambra Beauty College,CA,-118.129041,34.093916
393649,UEI College-Gardena,CA,-118.287234,33.893016
393861,Asian-American International Beauty College,CA,-117.991643,33.759524
395362,Copper Mountain Community College,CA,-116.213939,34.140464
395690,Diversified Vocational College,CA,-118.272364,34.056102
397942,UEI College-Fresno,CA,-119.789002,36.782858
398130,Mt Sierra College,CA,-117.987321,34.142704
399212,Santiago Canyon College,CA,-117.766762,33.795449
399869,Southern California Institute of Technology,CA,-117.950661,33.8381
399911,Soka University of America,CA,-117.735344,33.554546
400080,Summit College,CA,-117.304456,34.056313
400187,Advance Beauty College,CA,-117.952637,33.759905
400558,Los Angeles Pacific College,CA,-118.295037,34.062282
401223,World Mission University,CA,-118.289484,34.064918
401250,Yo San University of Traditional Chinese Medicine,CA,-118.442756,33.993287
409698,California State University-Monterey Bay,CA,-121.796178,36.652397
411684,Marian Health Careers Center-Los Angeles Campus,CA,-118.295073,34.062096
413680,Spartan College of Aeronautics & Technology,CA,-118.377744,33.956018
413802,East San Gabriel Valley Regional Occupational Program,CA,-117.937116,34.076805
416458,Premiere Career College,CA,-117.990894,34.079755
417062,Estes Institute of Cosmetology Arts and Science,CA,-119.289234,36.330422
417105,Baldwin Park Adult & Community Education,CA,-117.959486,34.09673
417123,Ventura Adult and Continuing Education,CA,-119.219561,34.256061
419183,Central California School of Continuing Education,CA,-120.64847,35.262091
420608,Colleen O'Haras Beauty Academy,CA,-117.868136,33.748189000000004
422190,Champion Institute of Cosmetology,CA,-116.545916,33.813346
422695,Pacific College,CA,-117.873382,33.680043
422835,American College of Healthcare and Technology,CA,-117.493507,33.901581
428125,John Wesley International Barber and Beauty College,CA,-118.192659,33.775812
428426,San Bernardino Community College District,CA,-117.251666,34.100347
431141,Institute of Technology,CA,-119.723249,36.83679
431956,Virginia Sewing Machines and School Center,CA,-118.22486,33.9827
432144,South Orange County Community College District,CA,-117.665584,33.553346
432384,Platt College-Ontario,CA,-117.571744,34.068595
433004,American University of Health Sciences,CA,-118.171366,33.796849
433013,Career Networks Institute,CA,-117.8478,33.721058
433420,California Aeronautical University,CA,-119.049264,35.434905
434140,Pima Medical Institute-Chula Vista,CA,-117.093388,32.619858
436429,Los Angeles Film School,CA,-118.328298,34.098284
437750,Professional Golfers Career College,CA,-117.163739,33.528952
437936,Carrington College-San Jose,CA,-121.777062,37.248411
438258,Carrington College-Pleasant Hill,CA,-122.072153,37.962649
438504,Universal Technical Institute of California Inc,CA,-117.576366,34.082782
438665,Rancho Santiago Community College District Office,CA,-117.868261,33.767331
439367,CBD College,CA,-118.306221,34.06231
439747,My Le's Beauty College,CA,-121.452325,38.494851
439871,PCI College,CA,-118.100169,33.87475
440031,Keck Graduate Institute,CA,-117.72351,34.093329
440819,Miami Ad School-San Francisco,CA,-122.401198,37.795155
441052,American Career College-Anaheim,CA,-117.975599,33.849912
441229,West Coast Ultrasound Institute,CA,-118.302836,34.061409
441238,Irell & Manella Graduate School of Biological Sciences at City of Hope,CA,-117.972791,34.129048
441256,Design's School of Cosmetology,CA,-120.672526,35.648459
441937,California State University-Channel Islands,CA,-119.04356,34.162949
442240,Paul Mitchell the School-Costa Mesa,CA,-117.927468,33.695103
442657,Milan Institute-Palm Desert,CA,-116.353268,33.783343
442888,InterCoast Colleges-Riverside,CA,-117.344752,33.993598
442930,University of Antelope Valley,CA,-118.134968,34.683587
442985,California Healing Arts College,CA,-118.265919,33.844718
443128,International Technological University,CA,-121.930991,37.38881
443207,NTMA Training Centers of Southern California,CA,-118.074231,33.94302
443331,West Coast University-Los Angeles,CA,-118.39941,34.187134
443571,InterCoast Colleges-West Covina,CA,-117.89763,34.073416
444130,Northcentral University,CA,-117.243889,32.910805
444219,Folsom Lake College,CA,-121.127486,38.661372
444325,ATI College-Norwalk,CA,-118.003835,33.948521
444343,Advanced College,CA,-118.15794,33.915383
444361,Advanced Training Associates,CA,-116.981781,32.819023
444510,CES College,CA,-118.303297,34.180401
444529,Stellar Career College,CA,-121.071015,37.701963
445188,University of California-Merced,CA,-120.424944,37.366237
445364,North-West College-Riverside,CA,-117.485881,33.9145
446093,Cambridge Junior College-Yuba City,CA,-121.652227,39.13994
446118,Career Care Institute,CA,-118.15638,34.678236
446163,Community Christian College,CA,-117.217101,34.068664
446385,Los Angeles College of Music,CA,-118.150113,34.139293
446561,Stanbridge University,CA,-117.857636,33.678879
447050,United States University,CA,-117.154904,32.7769
447458,SAE Expression College,CA,-122.2954,37.847631
447607,United Education Institute-Chula Vista,CA,-117.065355,32.608605
447616,United Education Institute-West Covina,CA,-117.90946,34.075984
447713,California Career College,CA,-118.601794,34.197566
447722,Palladium Technical Academy Inc,CA,-118.04358,34.091838
447731,Palace Beauty College,CA,-118.309491,34.044739
447759,National Polytechnic College,CA,-118.143809,33.860528
447768,American Career College-Ontario,CA,-117.583814,34.068204
447777,Asher College,CA,-121.415767,38.587784
447795,American Institute of Massage Therapy,CA,-117.848291,33.71488
447801,University of East-West Medicine,CA,-121.997011,37.3864
447810,Blake Austin College,CA,-121.945606,38.378548
447953,SUM Bible College and Theological Seminary,CA,-121.055684,38.620464
448381,San Joaquin Valley College-Central Administrative Office,CA,-119.333362,36.298938
448433,Universal Technical Institute of Northern California Inc,CA,-121.529503,38.64575
448594,West Hills College-Lemoore,CA,-119.823866,36.292431
448637,West Hills Community College District,CA,-120.356097,36.178802
448895,Milan Institute-Fresno,CA,-119.795645,36.822404
449357,Beaumont Adult School,CA,-116.964728,33.951365
449366,Make-up Designory,CA,-118.308336,34.180238
449384,Gnomon,CA,-118.329083,34.089501
449393,Coachella Valley Beauty College,CA,-116.278254,33.708193
449445,Valley College of Medical Careers,CA,-118.606731,34.221839
449870,University of the West,CA,-118.082964,34.045985
449968,Paul Mitchell the School-San Diego,CA,-117.160838,32.719128
449986,Paul Mitchell the School-Sherman Oaks,CA,-118.467369,34.155811
450696,Carrington College-Stockton,CA,-121.323199,37.998992
450702,Carrington College-Citrus Heights,CA,-121.29421,38.679983
450960,Healthcare Career College,CA,-118.149645,33.889719
450979,Trident University International,CA,-118.032177,33.80595
450988,Coastline Beauty College,CA,-117.921471,33.728821
451006,Eagle Rock College,CA,-118.299476,34.06133
454546,Milan Institute of Cosmetology-Fairfield,CA,-122.0455,38.248448
454573,Milan Institute of Cosmetology-Visalia,CA,-119.309922,36.301861
454698,Mayfield College,CA,-116.458827,33.790822
454722,Academy of Esthetics and Cosmetology,CA,-118.444228,34.285043
454759,Borner's Barber College,CA,-118.309291,33.95588
454768,Paul Mitchell the School-Pasadena,CA,-118.133403,34.144765
454777,San Francisco Institute of Esthetics & Cosmetology Inc,CA,-122.407083,37.777043
454786,Laurus College,CA,-120.669519,35.2682
454795,Healing Hands School of Holistic Health,CA,-117.086211,33.129652
454801,Career Development Institute Inc,CA,-118.386067,34.045817
455433,The Chicago School of Professional Psychology at Irvine,CA,-117.838089,33.650763
455512,Woodland Community College,CA,-121.73533,38.660392
455664,The Chicago School of Professional Psychology at Los Angeles,CA,-118.257251,34.047958
455734,California Nurses Educational Institute,CA,-116.490142,33.816672
455761,Paul Mitchell the School-Sacramento,CA,-121.41594,38.594752
455770,Providence Christian College,CA,-118.141062,34.149327
455868,National Career College,CA,-118.446211,34.22245
456588,Salon Success Academy-Fontana,CA,-117.437904,34.099087
456597,Salon Success Academy-Redlands,CA,-117.218933,34.062342
457077,Milan Institute-Bakersfield,CA,-119.023088,35.385513
457086,Homestead Schools,CA,-118.35009,33.809096
457208,InterCoast Colleges-Rancho Cordova,CA,-121.334243,38.561309
457244,San Diego Culinary Institute,CA,-117.024063,32.763846
457253,Beyond 21st Century Beauty Academy,CA,-118.041477,33.916443
457271,Academy for Jewish Religion-California,CA,-118.438495,34.070281
457299,Angeles College,CA,-118.29903,34.061223
457314,Angeles Institute,CA,-118.080741,33.875772
457323,Paul Mitchell the School-Temecula,CA,-117.146674,33.507316
458210,West Coast University-Orange County,CA,-117.911811,33.81104
458229,West Coast University-Ontario,CA,-117.590035,34.066591
458575,Zaytuna College,CA,-122.260927,37.877201
459161,Trinity School of Health and Allied Sciences,CA,-118.298733,33.858729
459170,Paul Mitchell the School-Modesto,CA,-120.993745,37.68301
459189,Cosmo Beauty Academy,CA,-121.401027,38.62883
459198,Paul Mitchell the School-Fresno,CA,-119.782437,36.809778
459204,Unitek College,CA,-121.961761,37.50904
459213,Gurnick Academy of Medical Arts,CA,-122.307618,37.547377
459231,Paul Mitchell the School-East Bay,CA,-122.061226,37.94492
459727,Touro University Worldwide,CA,-118.057754,33.808683
459736,Touro University California,CA,-122.263949,38.085479
460075,California University of Management and Sciences,CA,-117.95846,33.848301
460394,Moreno Valley College,CA,-117.20271,33.88744
460464,Norco College,CA,-117.570212,33.917387
460516,Milan Institute of Cosmetology-La Quinta,CA,-116.288341,33.711954
461148,New York Film Academy,CA,-118.335567,34.152076
461175,International College of Cosmetology,CA,-122.220803,37.774887
461254,Galaxy Medical College,CA,-118.396209,34.186976
461263,American Medical Sciences Center,CA,-118.256991,34.147117
461500,Santa Ana Beauty Academy,CA,-117.835205,33.766402
461607,Elite Cosmetology School,CA,-116.435531,34.121188
461643,Bergin University of Canine Studies,CA,-122.666954,38.289155
461829,Cinta Aveda Institute,CA,-122.404307,37.790935
461856,Southern California Health Institute,CA,-118.526822,34.200827
462062,Academy for Salon Professionals,CA,-118.558215,34.23396
462336,International College of Beauty Arts & Sciences,CA,-118.273227,34.148057
462354,John Paul the Great Catholic University,CA,-117.082401,33.12085
467368,Carrington College-Pomona,CA,-117.803875,34.06302
468769,CET-Soledad,CA,-121.316599,36.41456
468848,United Education Institute-UEI College San Marcos,CA,-117.118524,33.131561
468909,United Education Institute-Anaheim,CA,-117.922969,33.851393
469957,Aveda Institute-Los Angeles,CA,-118.446566,34.062797
470038,UEI College-Riverside,CA,-117.351755,33.975392
474863,Los Angeles Pacific University,CA,-117.827484,34.110723
475097,International Culinary Center-California,CA,-121.961476,37.293627
475228,The Santa Barbara and Ventura Colleges of Law at Santa Barbara,CA,-119.70516,34.424542
475237,The University of America,CA,-117.167871,33.519293
475282,Marian Health Careers Center-Van Nuys Campus,CA,-118.465561,34.177483
475635,Beverly Hills Design Institute,CA,-118.375621,34.06463
475705,Annenberg School of Nursing,CA,-118.553851,34.200825
476513,Flair Beauty College,CA,-118.550015,34.414463
476595,Medical Allied Career Center,CA,-118.062402,33.91871
476780,Diamond Beauty College,CA,-118.046711,34.062971
476799,Unitek College,CA,-122.455603,37.65642
476911,SAE Institute of Technology-Los Angeles,CA,-118.336861,34.0904
478634,California College San Diego,CA,-117.160658,33.138303
479424,Unitek College,CA,-122.116059,37.661039
479974,Advance Beauty Techs Academy,CA,-117.517655,33.884074
479992,Brand College,CA,-118.265551,34.15799
480000,Hinton Barber and Beauty College,CA,-122.245384,38.109629
480019,Advanced Career Institute,CA,-119.38533,36.344669
480204,Platt College-Riverside,CA,-117.298365,33.932923
480471,United Education Institute-UEI College Stockton,CA,-121.308461,37.99756
480781,California Miramar University,CA,-117.11851,32.77942
481058,Grace Mission University,CA,-117.958208,33.867663
481128,Santa Ana Beauty College,CA,-117.895913,33.759423
481182,Ukiah Adult School,CA,-123.215034,39.160947
481191,Riverside County Office of Education-School of Career Education,CA,-117.294699,33.91733
481289,Xavier College School of Nursing,CA,-121.293267,37.966315
481298,Lawrence & Company College of Cosmetology,CA,-119.637371,36.33339
481386,California Career Institute,CA,-117.960413,33.786223
481395,Cosmo Factory Cosmetology Academy,CA,-122.023723,36.967956
481474,J D Academy of Salon and Spa,CA,-121.995828,37.818164
481960,InterCoast Colleges-Fairfield,CA,-122.147995,38.212134
482060,Milan Institute-Merced,CA,-120.481067,37.322518
482291,UEI College-Bakersfield,CA,-119.049925,35.381617
482431,DeVry University-California,CA,-117.5876,34.068481
483009,American College of Healthcare and Technology,CA,-118.224906,33.978807
483221,Learnet Academy Inc,CA,-118.293165,34.063934
483230,The Fab School,CA,-117.555168,34.079866
483373,Integrity College of Health,CA,-118.131722,34.171252
483443,California Technical Academy,CA,-117.339245,34.002717
483586,California International Business University,CA,-117.168019,32.718063
483610,Sutter Beauty College,CA,-121.633122,39.131845
483878,Bay Area Medical Academy,CA,-122.406318,37.790775
483957,Lawrence & Company College of Cosmetology,CA,-119.611752,36.570318
484002,High Desert Medical College,CA,-121.655732,36.669633
484206,The Salon Professional Academy-San Jose,CA,-121.989475,37.292025
484233,Tri-Community Adult Education,CA,-117.887096,34.104391
484367,North-West College-Anaheim,CA,-117.959766,33.839313
484376,North-West College-Long Beach,CA,-118.14854,33.801894
484631,University of Phoenix-California,CA,-117.58377,34.065748
484862,University of West Los Angeles,CA,-118.36957,33.947341
485263,California College San Diego,CA,-117.166966,32.835221
485403,High Tech High Graduate School of Education,CA,-117.217661,32.732001
485412,Coachella Valley Beauty College-Hemet,CA,-117.010783,33.745675
485467,Carrington College-Administrative Office,CA,-121.371383,38.556104
485494,Associated Barber College of San Diego,CA,-117.159908,32.719318
485500,ABCO Technology,CA,-118.369774,33.932121
485519,International Sports Sciences Association,CA,-119.486417,34.38768
485546,California Intercontinental University,CA,-117.850961,33.696413
485573,Universal Healthcare Careers College,CA,-118.274771,34.0499
486099,GDS Institute,CA,-118.224776,33.966151
486123,Theatre of Arts,CA,-118.338144,34.0984
486141,Westchester College of Nursing & Allied Health,CA,-118.396511,33.95487
486248,ZMS,CA,-118.209424,34.047305
486372,San Francisco Film School,CA,-122.401124,37.791643
486433,Presidio Graduate School,CA,-122.475292,37.80026
486488,California Jazz Conservatory,CA,-122.268878,37.871235
486497,California Barber and Beauty College,CA,-117.0814,32.757282
486558,Aviation Institute of Maintenance,CA,-121.92135,37.468594
486965,Hussian College-Los Angeles,CA,-118.26069,34.054877
487597,Universal Technical Institute-Southern California,CA,-118.145393,33.826017
487649,California Institute of Advanced Management,CA,-118.15055,34.082467
487773,Butte County Regional Occupational Program,CA,-121.804024,39.715283
487995,Alhambra Medical University,CA,-118.148684,34.080181
488031,Abraham Lincoln University,CA,-118.256726,34.146294
488192,DeHart Technical School,CA,-120.997781,37.71339
488387,Claremont Lincoln University,CA,-117.717974,34.094143
488411,Hoss Lee Academy,CA,-121.289487,38.721897
488572,California Health Sciences University,CA,-119.701977,36.832466
488785,University of Saint Katherine,CA,-117.196552,33.151283
488800,Teachers College of San Joaquin,CA,-121.229911,37.90797
488846,University of the People,CA,-118.13353,34.141906
489201,Clovis Community College,CA,-119.731261,36.88686
489335,Institute of Buddhist Studies,CA,-122.266105,37.866732
489353,Chamberlain University-California,CA,-121.278258,38.596193
489371,Spartan College of Aeronautics and Technology,CA,-117.408335,33.990127
489760,Milan Institute-Bakersfield West,CA,-119.038111,35.388152
489858,West Coast University-Center for Graduate Studies,CA,-118.29131,34.081505
490045,Presbyterian Theological Seminary in America,CA,-118.047065,33.88856
490063,Southern States University,CA,-117.201297,32.767544
490081,America Evangelical University,CA,-118.308661,34.041239
490124,Los Angeles Academy of Figurative Art,CA,-118.5021,34.208209
490133,Westcliff University,CA,-117.835761,33.697112
490160,Sacramento Ultrasound Institute,CA,-121.383597,38.604405
490197,Regan Career Institute,CA,-118.030152,34.070176
490212,Baldy View Regional Occupational Program,CA,-117.636712,34.046457
490285,California Institute of Arts & Technology,CA,-117.134199,32.770776
490337,My Beauty & Barber College,CA,-121.431533,38.473648
490878,Platt College-Anaheim,CA,-117.878211,33.809417
491163,Advanced College-Stockton,CA,-121.29453,38.025552
491190,The Chicago School of Professional Psychology at San Diego,CA,-117.167054,32.718575
491464,ABC Adult School,CA,-118.070114,33.878179
491482,Blush School of Makeup,CA,-122.399413,37.794885
491491,Oikos University,CA,-122.199689,37.742256
491507,California Institute of Medical Science,CA,-119.694271,36.810031
491543,San Bernardino Beauty College,CA,-117.285521,34.110518
491659,ICOHS College,CA,-117.16145,32.723881
491756,Urban Barber College,CA,-122.03909,37.975087
491808,Meridian University,CA,-122.640029,38.230878
491853,Princess Institute of Beauty,CA,-119.431745,36.603678
491880,Independent Training & Apprenticeship Program,CA,-121.327728,38.572171
491899,Victory Career College,CA,-118.291723,33.854769
491950,Contra Costa Medical Career College,CA,-121.801607,37.976815
492209,Reiss-Davis Graduate Center,CA,-118.41001,34.030844
492306,Escondido Adult School,CA,-117.088454,33.131225
492315,Poway Adult School,CA,-117.035819,32.978817
492324,Vista Adult School,CA,-117.240253,33.187334
492449,Pima Medical Institute-San Marcos,CA,-117.160199,33.136906
492661,California College of Barbering and Cosmetology,CA,-121.293756,38.000656
492953,Salon Success Academy-West Covina,CA,-117.933801,34.070568
493080,Institute of Culinary Education,CA,-118.139351,34.144829
493318,Stanbridge University-Los Angeles,CA,-118.14879,34.080319
493479,Medical Career College of Northern California,CA,-121.293121,38.723329
493503,American Fitness and Nutrition Academy,CA,-118.131854,34.1397
493512,San Diego Global Knowledge University,CA,-117.154966,32.708222
493619,Young Americans College of the Performing Arts,CA,-117.542501,33.859246
493761,MIXED Institute of Cosmetology & Barber,CA,-121.43577,38.495699
494108,High Desert Medical College - Temecula,CA,-117.104588,33.482846
494126,Columbia College - Naval Base San Diego,CA,-117.115074,32.684371
494135,Columbia College - Imperial,CA,-115.503556,32.827911
494320,Southern California Health Institute (SOCHI) - North Hollywood,CA,-118.370066,34.173443
494357,UEI College-Sacramento,CA,-121.454197,38.494532
494427,Advanced College - Salida,CA,-121.091026,37.715682
494454,Paul Mitchell the School-San Jose,CA,-121.891967,37.332192
494658,KC Beauty Academy,CA,-118.235894,34.048458
494746,Glendale Career College-Brightwood Teachout,CA,-117.136429,32.822045
494816,Urban Barber College - San Jose,CA,-121.878398,37.341714
494825,Cinta Aveda Institute - San Jose,CA,-121.894209,37.33729
494913,Franciscan School of Theology - San Diego,CA,-117.191964,32.772407
